[
    {"name":"Vamshi","score":10,"email":"vs@gmail.com"},
    {"name":"pavan","score":20,"email":"pavan@gmail.com"},
    {"name":"shiva","score":30,"email":"shiva@gmail.com"},
    {"name":"yeshu","score":40,"email":"yeshu@gmail.com"},
    {"name":"sri","score":50,"email":"sri@gmail.com"},
    {"name":"seenu","score":60,"email":"seenu@gmail.com"},
    {"name":"manas","score":70,"email":"manas@gmail.com"},
    {"name":"shoban","score":66,"email":"shoban@gmail.com"},
    {"name":"itachi","score":77,"email":"itachi@gmail.com"},
    {"name":"naruto","score":88,"email":"naruto@gmail.com"},
    {"name":"luffy","score":11,"email":"luffy@gmail.com"}
]
